"id","reading_time","sensor","location","temp_air","temp_motor","temp_gear","humidity","press_air"
"151","2020-12-12 10:00:57","BME280","Motor","24.46","24.25",,"53.47","1012.08"
"152","2020-12-12 10:01:06","BME280","Motor","24.42","24.31",,"53.52","1012.09"
"153","2020-12-12 10:01:37","BME280","Motor","24.51","24.19",,"55.81","1012.12"
"154","2020-12-12 10:02:08","BME280","Motor","24.76","27.25",,"56.26","1012.11"
"155","2020-12-12 10:02:38","BME280","Motor","24.93","26.94",,"56.57","1012.14"
"156","2020-12-12 10:03:09","BME280","Motor","25.08","26.12",,"56.68","1012.15"
"157","2020-12-12 10:03:40","BME280","Motor","25.23","25.56",,"56.72","1012.16"
"158","2020-12-12 10:04:10","BME280","Motor","25.40","25.31",,"56.34","1012.11"
"159","2020-12-12 10:04:41","BME280","Motor","25.52","25.19",,"55.50","1012.13"
"160","2020-12-12 10:05:12","BME280","Motor","25.31","25.06",,"54.42","1012.14"
"161","2020-12-12 10:05:43","BME280","Motor","25.06","24.87",,"54.26","1012.14"
"162","2020-12-12 10:06:13","BME280","Motor","24.79","24.69",,"54.20","1012.09"
"163","2020-12-12 10:06:44","BME280","Motor","24.60","24.50",,"54.34","1012.10"
"164","2020-12-12 10:07:15","BME280","Motor","24.60","24.37",,"54.16","1012.07"
"165","2020-12-12 10:07:46","BME280","Motor","24.43","24.31",,"54.15","1012.11"
"167","2020-12-12 10:08:47","BME280","Motor","24.46","24.12",,"55.86","1012.10"
"168","2020-12-12 10:09:18","BME280","Motor","24.70","24.12",,"56.37","1012.11"
"169","2020-12-12 10:09:48","BME280","Motor","24.85","24.12",,"56.90","1012.12"
"170","2020-12-12 10:10:19","BME280","Motor","25.05","24.19",,"56.97","962.76"
"171","2020-12-12 10:10:50","BME280","Motor","25.19","24.25",,"56.87","1012.13"
"172","2020-12-12 10:11:21","BME280","Motor","25.34","24.37",,"56.62","1012.13"
"173","2020-12-12 10:11:51","BME280","Motor","25.48","24.37",,"55.79","1012.12"
"174","2020-12-12 10:12:22","BME280","Motor","25.29","24.44",,"54.54","1012.04"
"175","2020-12-12 10:12:53","BME280","Motor","25.03","24.37",,"54.37","1012.08"
"176","2020-12-12 10:13:24","BME280","Motor","24.87","24.31",,"54.24","1012.05"
"177","2020-12-12 10:13:54","BME280","Motor","24.87","24.19",,"54.08","1012.07"
"178","2020-12-12 10:14:25","BME280","Motor","24.91","24.12",,"53.67","1012.05"
"179","2020-12-12 10:14:56","BME280","Motor","24.94","24.06",,"53.36","1012.05"
"180","2020-12-12 10:15:26","BME280","Motor","24.91","24.06",,"53.13","1012.09"
"181","2020-12-12 10:15:57","BME280","Motor","24.88","23.94",,"52.96","1012.06"
"182","2020-12-12 10:16:28","BME280","Motor","24.85","23.87",,"52.85","1012.02"
"183","2020-12-12 10:16:58","BME280","Motor","24.87","23.87",,"55.06","1011.99"
"184","2020-12-12 10:17:29","BME280","Motor","25.11","23.94",,"55.45","1012.04"
"185","2020-12-12 10:18:00","BME280","Motor","25.28","24.00",,"55.94","1012.01"
"186","2020-12-12 10:18:30","BME280","Motor","25.45","24.06",,"56.07","1012.03"
"187","2020-12-12 10:19:01","BME280","Motor","25.61","24.25",,"56.26","1012.02"
"188","2020-12-12 10:19:32","BME280","Motor","25.78","24.31",,"56.12","1012.04"
"189","2020-12-12 10:20:03","BME280","Motor","25.92","24.44",,"54.69","1011.97"
"190","2020-12-12 10:20:33","BME280","Motor","26.08","24.50",,"54.23","1011.99"
"191","2020-12-12 10:21:04","BME280","Motor","25.63","24.50",,"53.76","1011.98"
"192","2020-12-12 10:21:35","BME280","Motor","25.43","24.50",,"53.45","1011.95"
"193","2020-12-12 10:22:05","BME280","Motor","25.26","24.44",,"53.46","1011.95"
"194","2020-12-12 10:22:36","BME280","Motor","25.12","24.37",,"53.46","1011.98"
"195","2020-12-12 10:23:07","BME280","Motor","24.95","24.37",,"53.44","1011.95"
"196","2020-12-12 10:23:37","BME280","Motor","24.86","24.31",,"53.37","1011.92"
"197","2020-12-12 10:24:08","BME280","Motor","24.75","24.31",,"53.44","1011.94"
"198","2020-12-12 10:24:38","BME280","Motor","24.68","24.19",,"53.50","1011.92"
"199","2020-12-12 10:25:09","BME280","Motor","24.69","24.19",,"54.97","1011.88"
"200","2020-12-12 10:25:40","BME280","Motor","24.91","24.25",,"55.79","1011.90"
"201","2020-12-12 10:26:10","BME280","Motor","25.10","24.31",,"56.40","1011.93"
"202","2020-12-12 10:26:41","BME280","Motor","25.25","24.44",,"56.68","1011.89"
"203","2020-12-12 10:27:12","BME280","Motor","25.41","24.50",,"56.67","1011.87"
"204","2020-12-12 10:27:42","BME280","Motor","25.56","24.56",,"56.59","1011.89"
"206","2020-12-12 10:28:44","BME280","Motor","25.67","24.69",,"54.51","1011.88"
"207","2020-12-12 10:29:15","BME280","Motor","25.49","24.69",,"53.93","1011.87"
"208","2020-12-12 10:29:45","BME280","Motor","25.35","24.69",,"53.62","1011.86"
"209","2020-12-12 10:30:16","BME280","Motor","25.13","24.56",,"53.52","1011.86"
"210","2020-12-12 10:30:46","BME280","Motor","25.04","24.50",,"53.46","1011.89"
"211","2020-12-12 11:20:10","BME280","Motor","25.30","24.69",,"56.05","1011.46"
"212","2020-12-12 11:20:42","BME280","Motor","25.24","26.62",,"55.14","1011.44"
"213","2020-12-12 11:21:15","BME280","Motor","25.12","27.94",,"54.90","1011.43"
"214","2020-12-12 11:21:47","BME280","Motor","25.02","26.37",,"54.84","1011.40"
"216","2020-12-12 11:22:52","BME280","Motor","24.86","24.31",,"54.62","1011.38"
"217","2020-12-12 11:23:24","BME280","Motor","24.92","23.94",,"54.40","1011.35"
"218","2020-12-12 11:23:57","BME280","Motor","24.87","23.75",,"54.31","1011.34"
"219","2020-12-12 11:24:29","BME280","Motor","24.83","23.69",,"54.29","1011.35"
"220","2020-12-12 11:25:01","BME280","Motor","24.79","23.56",,"54.27","1011.32"
"221","2020-12-12 11:25:34","BME280","Motor","24.74","23.50",,"54.21","1011.34"
"222","2020-12-12 11:26:06","BME280","Motor","24.74","23.50",,"53.95","1011.31"
"223","2020-12-12 11:26:39","BME280","Motor","24.67","23.50",,"53.96","1011.27"
"224","2020-12-12 11:27:11","BME280","Motor","24.65","23.44",,"53.86","1011.32"
"225","2020-12-12 11:27:44","BME280","Motor","24.63","23.31",,"53.82","1011.29"
"226","2020-12-12 11:28:16","BME280","Motor","24.59","23.25",,"53.77","1011.29"
"228","2020-12-12 11:29:21","BME280","Motor","24.57","23.25",,"53.66","1011.27"
"229","2020-12-12 11:29:53","BME280","Motor","24.51","23.19",,"53.66","1011.28"
"230","2020-12-12 11:30:26","BME280","Motor","24.49","23.06",,"53.71","1011.27"
"231","2020-12-12 11:30:59","BME280","Motor","24.49","23.12",,"53.71","1011.27"
"232","2020-12-12 11:31:31","BME280","Motor","24.48","23.19",,"53.69","1011.22"
"233","2020-12-12 11:32:05","BME280","Motor","24.45","23.25",,"53.77","1011.26"
"234","2020-12-12 11:32:37","BME280","Motor","24.62","23.31",,"55.58","1011.25"
"235","2020-12-12 11:33:10","BME280","Motor","24.86","23.38",,"56.40","1011.23"
"236","2020-12-12 11:33:42","BME280","Motor","25.08","23.62",,"56.73","1011.22"
"237","2020-12-12 11:34:15","BME280","Motor","25.25","23.81",,"57.04","1011.19"
"238","2020-12-12 11:34:47","BME280","Motor","25.42","24.00",,"57.40","1011.21"
"247","2020-12-12 13:12:40","BME280","Motor","25.31","23.62",,"51.75","1009.12"
"248","2020-12-12 13:13:12","BME280","Motor","25.21","23.62",,"52.01","1009.12"
"249","2020-12-12 13:13:46","BME280","Motor","25.24","23.69",,"51.97","1009.13"
"250","2020-12-12 13:14:18","BME280","Motor","25.23","23.69",,"51.95","1009.10"
"251","2020-12-12 13:14:52","BME280","Motor","25.16","23.69",,"52.09","1009.13"
"252","2020-12-12 13:15:24","BME280","Motor","25.22","23.69",,"51.96","1009.10"
"253","2020-12-12 13:15:57","BME280","Motor","25.19","23.62",,"51.98","1009.13"
"254","2020-12-12 13:16:29","BME280","Motor","25.21","23.62",,"51.94","1009.08"
"255","2020-12-12 13:17:02","BME280","Motor","25.17","23.62",,"52.15","1009.09"
"256","2020-12-12 13:17:34","BME280","Motor","25.20","23.69",,"52.08","1009.06"
"257","2020-12-12 13:18:07","BME280","Motor","25.23","24.44",,"51.96","1009.04"
"258","2020-12-12 13:18:40","BME280","Motor","25.27","24.19",,"51.98","1009.06"
"260","2020-12-12 13:19:45","BME280","Motor","25.28","23.94",,"51.93","1009.06"
"261","2020-12-12 13:20:17","BME280","Motor","25.30","23.94",,"51.97","1009.03"
"262","2020-12-12 13:20:49","BME280","Motor","25.30","23.94",,"51.96","1009.02"
"263","2020-12-12 13:21:22","BME280","Motor","25.30","23.87",,"51.92","1009.04"
"264","2020-12-12 13:21:54","BME280","Motor","25.36","24.00",,"51.81","1008.98"
"265","2020-12-12 13:22:26","BME280","Motor","25.28","23.87",,"51.82","1008.97"
"266","2020-12-12 13:22:59","BME280","Motor","25.27","23.94",,"51.90","1009.00"
"267","2020-12-12 13:23:32","BME280","Motor","25.35","23.94",,"51.75","1008.97"
"268","2020-12-12 13:24:04","BME280","Motor","25.42","24.06",,"51.63","1008.99"
"269","2020-12-12 13:24:37","BME280","Motor","25.41","24.12",,"51.57","1008.95"
"270","2020-12-12 13:25:09","BME280","Motor","25.39","24.06",,"51.61","1008.94"
"271","2020-12-12 13:25:42","BME280","Motor","25.44","23.94",,"51.54","1008.96"
"272","2020-12-12 13:30:34","BME280","Motor","25.53","23.87",,"51.54","1008.87"
"273","2020-12-12 13:31:06","BME280","Motor","25.53","23.87",,"51.56","1008.76"
"274","2020-12-12 13:31:39","BME280","Motor","25.49","23.94",,"51.74","1008.80"
"275","2020-12-12 13:32:11","BME280","Motor","25.48","23.94",,"51.72","1008.83"
"276","2020-12-12 13:32:45","BME280","Motor","25.47","23.94",,"51.64","1008.76"
"277","2020-12-12 13:33:17","BME280","Motor","25.44","23.94",,"51.62","1008.80"
"278","2020-12-12 13:33:50","BME280","Motor","25.31","23.81",,"51.89","1008.75"
"279","2020-12-12 13:34:22","BME280","Motor","25.38","23.81",,"51.73","1008.76"
"280","2020-12-12 13:34:55","BME280","Motor","25.37","23.81",,"51.72","1008.75"
"281","2020-12-12 13:35:27","BME280","Motor","25.32","23.81",,"51.87","1008.82"
"282","2020-12-12 13:36:00","BME280","Motor","25.32","23.75",,"51.87","1008.74"
"283","2020-12-12 13:36:33","BME280","Motor","25.33","23.75",,"51.92","1008.70"
"284","2020-12-12 13:37:05","BME280","Motor","25.28","23.69",,"52.00","1008.70"
"285","2020-12-12 13:37:37","BME280","Motor","25.35","23.75",,"51.89","1008.71"
"286","2020-12-12 13:38:10","BME280","Motor","25.27","23.75",,"52.00","1008.74"
"287","2020-12-12 13:38:43","BME280","Motor","25.30","23.75",,"51.94","1519.12"
"288","2020-12-12 13:39:16","BME280","Motor","25.38","23.75",,"51.77","1008.68"
"289","2020-12-12 13:39:48","BME280","Motor","25.40","23.81",,"51.77","1008.70"
"290","2020-12-12 13:40:21","BME280","Motor","25.29","23.75",,"52.08","1008.62"
"291","2020-12-12 13:40:53","BME280","Motor","25.36","23.81",,"51.98","1008.63"
"292","2020-12-12 13:41:26","BME280","Motor","25.39","23.87",,"51.94","1008.64"
"293","2020-12-12 13:41:58","BME280","Motor","25.38","23.87",,"52.00","1008.64"
"294","2020-12-12 13:42:31","BME280","Motor","25.39","23.87",,"52.11","1008.63"
"295","2020-12-12 13:43:03","BME280","Motor","25.36","23.94",,"52.07","1008.62"
"296","2020-12-12 13:43:36","BME280","Motor","25.42","24.00",,"52.02","1008.60"
"297","2020-12-12 13:44:08","BME280","Motor","25.47","24.00",,"51.96","1008.58"
"298","2020-12-12 13:44:42","BME280","Motor","25.40","23.94",,"52.04","1008.59"
"299","2020-12-12 13:45:14","BME280","Motor","25.44","24.00",,"52.06","1008.57"
"300","2020-12-12 13:45:47","BME280","Motor","25.50","24.00",,"51.95","1008.56"
"301","2020-12-12 13:46:19","BME280","Motor","25.48","24.06",,"51.96","1008.51"
"302","2020-12-12 13:46:52","BME280","Motor","25.53","24.12",,"51.87","1008.55"
"303","2020-12-12 13:47:24","BME280","Motor","25.49","24.06",,"51.97","1008.53"
"304","2020-12-12 13:47:57","BME280","Motor","25.54","24.12",,"51.85","1008.52"
"305","2020-12-12 13:48:29","BME280","Motor","25.55","26.44",,"51.78","1008.52"
"306","2020-12-12 13:49:02","BME280","Motor","25.57","26.56",,"51.69","1008.49"
"307","2020-12-12 13:49:35","BME280","Motor","25.61","25.31",,"51.61","1008.49"
"308","2020-12-12 13:50:08","BME280","Motor","25.59","24.81",,"51.75","1008.48"
"309","2020-12-12 13:50:40","BME280","Motor","25.60","24.50",,"51.77","1008.47"
"311","2020-12-12 13:51:45","BME280","Motor","25.53","26.81",,"51.90","1008.46"
"312","2020-12-12 13:52:18","BME280","Motor","25.54","27.75",,"51.98","1008.43"
"313","2020-12-12 13:52:50","BME280","Motor","25.58","26.44",,"51.93","1008.43"
"314","2020-12-12 13:53:23","BME280","Motor","25.60","25.94",,"51.87","1008.37"
"315","2020-12-12 13:53:55","BME280","Motor","25.62","25.06",,"51.92","1008.32"
"316","2020-12-12 13:54:28","BME280","Motor","25.59","24.69",,"52.27","1008.28"
"317","2020-12-12 13:55:00","BME280","Motor","25.60","24.63",,"52.41","1008.33"
"318","2020-12-12 13:55:33","BME280","Motor","25.62","24.56",,"52.40","1008.35"
"319","2020-12-12 13:56:05","BME280","Motor","25.59","24.69",,"52.37","1008.32"
"320","2020-12-12 13:56:38","BME280","Motor","25.65","24.69",,"52.34","1008.33"
"321","2020-12-12 13:57:10","BME280","Motor","25.63","25.00",,"52.22","1008.31"
"322","2020-12-12 13:57:43","BME280","Motor","25.66","25.88",,"52.08","1008.30"
"323","2020-12-12 13:58:15","BME280","Motor","25.64","25.62",,"52.09","1008.29"
"324","2020-12-12 13:58:48","BME280","Motor","25.63","25.19",,"52.22","1008.29"
"325","2020-12-12 13:59:20","BME280","Motor","25.63","25.12",,"52.22","1008.28"
"326","2020-12-12 13:59:53","BME280","Motor","25.63","24.94",,"52.13","1008.30"
"327","2020-12-12 14:00:25","BME280","Motor","25.62","24.69",,"52.15","1008.29"
"328","2020-12-12 14:00:58","BME280","Motor","25.67","24.56",,"52.07","1008.26"
"329","2020-12-12 14:01:30","BME280","Motor","25.66","24.44",,"52.07","1008.24"
"330","2020-12-12 14:02:04","BME280","Motor","25.73","24.37",,"51.89","1008.25"
"331","2020-12-12 14:02:37","BME280","Motor","25.74","24.31",,"51.83","1008.27"
"332","2020-12-12 14:03:09","BME280","Motor","25.70","24.31",,"51.87","1008.26"
"333","2020-12-12 14:03:41","BME280","Motor","25.71","24.25",,"51.81","1008.21"
"334","2020-12-12 14:04:14","BME280","Motor","25.73","24.19",,"51.72","1008.22"
"335","2020-12-12 14:04:46","BME280","Motor","25.78","24.37",,"51.65","1008.25"
"336","2020-12-12 14:05:19","BME280","Motor","25.75","24.37",,"51.62","1008.21"
"337","2020-12-12 14:05:51","BME280","Motor","25.79","24.37",,"51.60","1008.19"
"338","2020-12-12 14:06:24","BME280","Motor","25.78","24.44",,"51.69","1008.21"
"339","2020-12-12 14:06:56","BME280","Motor","25.77","24.50",,"51.78","1008.19"
"340","2020-12-12 14:07:29","BME280","Motor","25.76","27.19",,"51.81","1008.17"
"341","2020-12-12 14:08:01","BME280","Motor","25.79","27.00",,"51.75","1008.19"
"342","2020-12-12 14:08:34","BME280","Motor","25.76","25.94",,"51.72","1008.18"
"343","2020-12-12 14:09:07","BME280","Motor","25.78","25.37",,"51.73","1008.20"
"344","2020-12-12 14:09:39","BME280","Motor","25.80","25.06",,"51.59","1008.12"
"345","2020-12-12 14:10:11","BME280","Motor","25.80","24.81",,"51.46","1008.13"
"346","2020-12-12 14:10:45","BME280","Motor","25.76","24.69",,"51.49","1008.16"
"347","2020-12-12 14:11:17","BME280","Motor","25.72","24.56",,"51.54","1008.14"
"348","2020-12-12 14:11:50","BME280","Motor","25.76","24.56",,"51.44","1008.16"
"349","2020-12-12 14:12:22","BME280","Motor","25.69","24.50",,"51.49","1008.14"
"350","2020-12-12 14:12:55","BME280","Motor","25.69","24.44",,"51.56","1008.11"
"351","2020-12-12 14:13:27","BME280","Motor","25.69","24.37",,"51.60","1008.14"
"352","2020-12-12 14:14:00","BME280","Motor","25.69","24.37",,"51.64","1008.14"
"353","2020-12-12 14:14:32","BME280","Motor","25.70","24.37",,"51.69","1008.12"
"354","2020-12-12 14:15:05","BME280","Motor","25.73","24.44",,"51.67","1008.10"
"355","2020-12-12 14:15:37","BME280","Motor","25.65","24.44",,"51.86","1008.10"
"356","2020-12-12 14:16:10","BME280","Motor","25.72","24.44",,"51.78","1008.13"
"357","2020-12-12 14:16:42","BME280","Motor","25.72","24.44",,"51.83","1008.14"
"358","2020-12-12 14:17:15","BME280","Motor","25.73","24.44",,"51.82","1008.11"
"359","2020-12-12 14:17:48","BME280","Motor","25.70","24.31",,"51.75","1008.10"
"360","2020-12-12 14:18:20","BME280","Motor","25.74","24.31",,"51.72","1008.10"
"361","2020-12-12 14:18:53","BME280","Motor","25.73","24.25",,"51.59","1008.10"
"362","2020-12-12 14:19:25","BME280","Motor","25.70","24.37",,"51.71","1008.15"
"363","2020-12-12 14:19:58","BME280","Motor","25.72","25.19",,"51.56","1008.11"
"364","2020-12-12 14:20:32","BME280","Motor","25.70","24.87",,"51.64","1008.12"
"365","2020-12-12 14:21:04","BME280","Motor","25.66","24.63",,"51.75","1008.10"
"366","2020-12-12 14:21:37","BME280","Motor","25.67","24.94",,"51.80","1008.09"
"367","2020-12-12 14:22:09","BME280","Motor","25.70","25.44",,"51.71","1008.05"
"368","2020-12-12 14:22:42","BME280","Motor","25.73","25.06",,"51.80","1008.04"
"369","2020-12-12 14:23:14","BME280","Motor","25.73","25.62",,"51.81","1008.08"
"370","2020-12-12 14:23:47","BME280","Motor","25.76","25.31",,"51.66","1008.01"
"371","2020-12-12 14:24:19","BME280","Motor","25.75","24.75",,"51.78","1008.02"
"372","2020-12-12 14:24:53","BME280","Motor","25.74","24.56",,"51.85","1007.99"
"373","2020-12-12 14:25:25","BME280","Motor","25.75","24.44",,"51.81","1008.01"
"374","2020-12-12 14:25:58","BME280","Motor","25.78","24.37",,"51.82","1007.99"
"375","2020-12-12 14:26:31","BME280","Motor","25.80","24.31",,"51.82","1008.01"
"376","2020-12-12 14:27:03","BME280","Motor","25.83","24.25",,"51.82","1007.97"
"377","2020-12-12 14:27:36","BME280","Motor","25.81","24.31",,"51.83","1007.97"
"378","2020-12-12 14:28:08","BME280","Motor","25.81","24.25",,"51.85","1007.95"
"379","2020-12-12 14:28:41","BME280","Motor","25.81","24.37",,"51.83","1007.98"
"380","2020-12-12 14:29:13","BME280","Motor","25.81","24.37",,"51.88","1007.93"
"381","2020-12-12 14:29:46","BME280","Motor","25.85","24.37",,"51.82","1007.95"
"382","2020-12-12 14:30:18","BME280","Motor","25.80","25.50",,"51.87","1007.91"
"383","2020-12-12 14:30:51","BME280","Motor","25.82","24.94",,"51.83","1007.93"
"384","2020-12-12 14:31:23","BME280","Motor","25.77","24.56",,"51.86","1007.90"
"385","2020-12-12 14:31:56","BME280","Motor","25.79","27.56",,"51.78","1007.88"
"386","2020-12-12 14:32:28","BME280","Motor","25.75","26.19",,"51.66","1007.88"
"387","2020-12-12 14:33:02","BME280","Motor","25.77","25.44",,"51.80","1007.87"
"388","2020-12-12 14:33:34","BME280","Motor","25.74","24.94",,"51.85","1007.90"
"389","2020-12-12 14:34:07","BME280","Motor","25.72","24.69",,"52.07","1007.86"
"390","2020-12-12 14:34:39","BME280","Motor","25.78","24.56",,"52.03","1007.85"
"391","2020-12-12 14:35:12","BME280","Motor","25.81","24.44",,"52.03","1007.85"
"392","2020-12-12 14:35:45","BME280","Motor","25.84","24.37",,"52.00","1007.84"
"393","2020-12-12 14:36:17","BME280","Motor","25.85","24.37",,"52.02","1007.80"
"394","2020-12-12 14:36:50","BME280","Motor","25.84","24.31",,"52.04","1007.81"
"395","2020-12-12 14:37:22","BME280","Motor","25.89","24.31",,"52.05","1007.80"
"396","2020-12-12 14:37:55","BME280","Motor","25.92","24.31",,"51.97","1007.81"
"397","2020-12-12 14:38:27","BME280","Motor","25.86","24.31",,"52.07","1007.79"
"398","2020-12-12 14:39:00","BME280","Motor","25.85","24.37",,"52.06","1007.78"
"399","2020-12-12 14:39:32","BME280","Motor","25.83","24.37",,"52.07","1007.79"
"400","2020-12-12 14:40:05","BME280","Motor","25.82","24.37",,"52.21","1007.81"
"401","2020-12-12 14:40:37","BME280","Motor","25.89","24.37",,"52.00","1007.80"
"402","2020-12-12 14:41:10","BME280","Motor","25.89","24.37",,"51.97","1007.74"
"403","2020-12-12 14:41:42","BME280","Motor","25.89","24.44",,"51.97","1007.68"
"404","2020-12-12 14:42:15","BME280","Motor","25.89","24.37",,"51.98","1007.71"
"405","2020-12-12 14:42:47","BME280","Motor","25.91","24.44",,"51.98","1007.72"
"406","2020-12-12 14:43:20","BME280","Motor","25.95","24.37",,"51.82","1007.73"
"407","2020-12-12 14:43:52","BME280","Motor","25.93","24.44",,"51.96","1007.70"
"408","2020-12-12 14:44:25","BME280","Motor","25.96","24.37",,"52.00","1007.70"
"409","2020-12-12 14:44:57","BME280","Motor","25.94","24.50",,"52.06","1007.68"
"410","2020-12-12 14:45:30","BME280","Motor","26.00","24.44",,"51.99","1007.65"
"411","2020-12-12 14:46:02","BME280","Motor","25.99","24.44",,"51.93","1007.66"
"412","2020-12-12 14:46:35","BME280","Motor","26.00","24.44",,"51.92","1007.65"
"413","2020-12-12 14:47:07","BME280","Motor","26.03","24.44",,"51.93","1007.64"
"414","2020-12-12 14:47:41","BME280","Motor","26.03","24.44",,"51.92","1007.64"
"415","2020-12-12 14:48:13","BME280","Motor","26.06","24.44",,"51.81","1007.63"
"416","2020-12-12 14:48:46","BME280","Motor","26.04","24.50",,"51.87","1007.69"
"417","2020-12-12 14:49:18","BME280","Motor","26.03","24.44",,"51.90","1007.67"
"418","2020-12-12 14:49:52","BME280","Motor","26.04","24.50",,"51.83","1007.64"
"419","2020-12-12 14:50:25","BME280","Motor","26.06","24.50",,"51.78","1007.65"
"420","2020-12-12 14:50:57","BME280","Motor","26.05","24.56",,"51.81","1007.62"
"421","2020-12-12 14:51:29","BME280","Motor","26.04","24.63",,"51.76","1007.69"
"422","2020-12-12 14:52:03","BME280","Motor","26.05","24.63",,"51.75","1007.64"
"423","2020-12-12 14:52:35","BME280","Motor","26.04","24.50",,"51.74","1007.65"
"424","2020-12-12 14:53:08","BME280","Motor","26.03","24.44",,"51.68","1007.67"
"425","2020-12-12 14:53:42","BME280","Motor","25.99","24.37",,"100.00","1007.67"
"426","2020-12-12 14:54:14","BME280","Motor","25.97","24.37",,"51.68","1007.65"
"427","2020-12-12 14:54:48","BME280","Motor","25.98","24.31",,"51.65","816.15"
"428","2020-12-12 14:55:20","BME280","Motor","25.97","24.31",,"51.73","1007.64"
"429","2020-12-12 14:55:54","BME280","Motor","25.97","24.31",,"51.79","1007.64"
"430","2020-12-12 14:56:26","BME280","Motor","25.99","24.44",,"51.88","1007.58"
"431","2020-12-12 14:56:59","BME280","Motor","26.03","24.37",,"51.79","384.06"
"432","2020-12-12 14:57:31","BME280","Motor","25.97","24.37",,"51.99","1007.61"
"433","2020-12-12 14:58:06","BME280","Motor","25.97","24.50",,"51.98","1007.60"
"434","2020-12-12 14:58:38","BME280","Motor","26.03","24.31",,"51.87","1007.60"
"435","2020-12-12 14:59:11","BME280","Motor","26.05","24.25",,"51.80","1007.62"
"436","2020-12-12 14:59:44","BME280","Motor","25.97","24.25",,"51.84","1007.63"
"437","2020-12-12 15:00:16","BME280","Motor","25.96","24.19",,"51.82","1007.60"
"438","2020-12-12 15:00:50","BME280","Motor","25.94","24.25",,"51.87","1007.61"
"439","2020-12-12 15:01:22","BME280","Motor","25.98","24.25",,"51.83","1007.61"
"440","2020-12-12 15:01:55","BME280","Motor","26.03","24.25",,"51.73","1007.61"
"441","2020-12-12 15:02:27","BME280","Motor","26.03","24.37",,"51.70","1007.60"
"442","2020-12-12 15:02:59","BME280","Motor","26.06","24.44",,"51.74","1007.67"
"443","2020-12-12 15:03:32","BME280","Motor","26.08","24.37",,"51.65","1007.62"
"444","2020-12-12 15:04:05","BME280","Motor","26.11","24.37",,"51.55","1007.54"
"445","2020-12-12 15:04:38","BME280","Motor","26.14","24.44",,"51.47","1007.62"
"446","2020-12-12 15:05:11","BME280","Motor","26.14","24.37",,"51.41","1007.59"
"447","2020-12-12 15:05:43","BME280","Motor","26.18","24.44",,"51.38","1007.60"
"448","2020-12-12 15:06:16","BME280","Motor","26.17","24.44",,"51.31","1007.59"
"449","2020-12-12 15:06:49","BME280","Motor","26.17","24.50",,"51.34","1007.70"
"450","2020-12-12 15:07:21","BME280","Motor","26.11","24.50",,"51.50","1007.58"
"451","2020-12-12 15:07:54","BME280","Motor","26.13","25.06",,"51.57","1007.54"
"452","2020-12-12 15:08:27","BME280","Motor","26.18","25.44",,"51.51","1007.57"
"453","2020-12-12 15:08:59","BME280","Motor","26.17","24.94",,"100.00","1007.54"
"454","2020-12-12 15:09:32","BME280","Motor","26.14","25.88",,"51.54","1007.54"
"455","2020-12-12 15:10:04","BME280","Motor","26.17","25.56",,"51.50","1007.54"
"456","2020-12-12 15:10:37","BME280","Motor","26.15","25.62",,"51.54","1007.54"
"457","2020-12-12 15:11:10","BME280","Motor","26.16","25.06",,"51.52","1007.55"
"458","2020-12-12 15:11:44","BME280","Motor","26.16","24.81",,"51.53","1007.53"
"459","2020-12-12 15:12:17","BME280","Motor","26.21","24.75",,"51.46","1007.51"
"460","2020-12-12 15:12:49","BME280","Motor","26.16","24.75",,"51.45","1007.57"
"461","2020-12-12 15:13:22","BME280","Motor","26.18","24.63",,"51.42","1007.57"
"462","2020-12-12 15:13:55","BME280","Motor","26.16","24.63",,"51.39","1007.54"
"463","2020-12-12 15:14:27","BME280","Motor","26.14","24.50",,"51.29","1007.55"
"464","2020-12-12 15:15:00","BME280","Motor","26.15","24.31",,"51.40","1007.57"
"465","2020-12-12 15:15:33","BME280","Motor","26.15","24.37",,"51.41","1007.54"
"466","2020-12-12 15:16:05","BME280","Motor","26.18","24.37",,"51.45","1007.57"
"467","2020-12-12 15:16:38","BME280","Motor","26.18","24.37",,"51.41","1007.57"
"468","2020-12-12 15:17:10","BME280","Motor","26.12","24.44",,"51.57","1007.58"
"469","2020-12-12 15:17:44","BME280","Motor","26.11","24.50",,"51.58","1007.55"
"470","2020-12-12 15:18:17","BME280","Motor","26.15","24.50",,"51.52","1007.52"
"471","2020-12-12 15:18:49","BME280","Motor","26.15","24.50",,"51.52","1007.53"
"472","2020-12-12 15:19:21","BME280","Motor","26.12","24.56",,"51.62","1007.53"
"473","2020-12-12 15:19:54","BME280","Motor","26.17","24.56",,"51.58","1007.50"
"474","2020-12-12 15:20:27","BME280","Motor","26.14","24.56",,"51.70","1007.50"
"475","2020-12-12 15:20:59","BME280","Motor","26.15","24.63",,"51.70","1007.50"
"476","2020-12-12 15:21:32","BME280","Motor","26.10","24.56",,"51.73","1007.50"
"477","2020-12-12 15:22:05","BME280","Motor","26.09","24.50",,"51.77","1007.47"
"478","2020-12-12 15:22:37","BME280","Motor","26.11","24.56",,"51.74","1007.49"
"479","2020-12-12 15:23:10","BME280","Motor","26.13","24.56",,"51.76","1007.51"
"480","2020-12-12 15:23:42","BME280","Motor","26.12","24.50",,"51.70","1007.45"
"481","2020-12-12 15:24:15","BME280","Motor","26.13","24.50",,"51.71","1007.52"
"482","2020-12-12 15:24:48","BME280","Motor","26.11","24.56",,"51.70","1007.49"
"483","2020-12-12 15:25:20","BME280","Motor","26.08","24.56",,"51.68","1007.47"
"484","2020-12-12 15:25:53","BME280","Motor","26.06","24.50",,"51.69","1007.47"
"485","2020-12-12 15:26:25","BME280","Motor","26.00","24.50",,"51.82","1007.52"
"486","2020-12-12 15:26:58","BME280","Motor","25.99","24.63",,"51.90","-218.93"
"487","2020-12-12 15:27:31","BME280","Motor","25.99","24.94",,"51.93","1007.50"
"488","2020-12-12 15:28:04","BME280","Motor","25.98","24.75",,"52.06","1007.47"
"489","2020-12-12 15:28:36","BME280","Motor","25.99","24.56",,"52.02","1007.48"
"490","2020-12-12 15:29:09","BME280","Motor","26.04","24.50",,"51.99","1007.49"
"491","2020-12-12 15:29:41","BME280","Motor","26.07","24.56",,"51.81","1007.49"
"492","2020-12-12 15:30:14","BME280","Motor","26.06","24.50",,"51.65","1007.49"
"493","2020-12-12 15:30:46","BME280","Motor","26.04","26.25",,"51.70","1007.51"
"494","2020-12-12 15:31:19","BME280","Motor","26.06","25.69",,"51.58","1007.50"
"495","2020-12-12 15:31:51","BME280","Motor","26.04","25.37",,"51.57","1007.49"
"496","2020-12-12 15:32:24","BME280","Motor","26.07","25.94",,"51.53","1007.51"
"497","2020-12-12 15:32:56","BME280","Motor","26.07","25.62",,"51.54","1007.49"
"498","2020-12-12 15:33:29","BME280","Motor","26.07","25.31",,"51.52","1007.48"
"499","2020-12-12 15:34:01","BME280","Motor","26.05","24.94",,"51.66","1007.52"
"500","2020-12-12 15:34:34","BME280","Motor","26.08","24.75",,"51.55","1007.52"
"501","2020-12-12 15:35:06","BME280","Motor","26.06","24.75",,"51.50","1007.44"
"502","2020-12-12 15:35:39","BME280","Motor","26.00","24.81",,"51.60","1007.51"
"503","2020-12-12 15:36:11","BME280","Motor","25.98","24.69",,"51.70","1007.50"
"504","2020-12-12 15:36:46","BME280","Motor","25.92","25.25",,"51.81","1007.49"
"505","2020-12-12 15:37:18","BME280","Motor","25.96","24.75",,"51.78","1007.48"
"506","2020-12-12 15:37:51","BME280","Motor","25.93","24.50",,"51.96","1007.50"
"507","2020-12-12 15:38:23","BME280","Motor","25.97","24.56",,"51.94","1007.51"
"508","2020-12-12 15:38:56","BME280","Motor","26.01","24.44",,"51.92","1007.50"
"509","2020-12-12 15:39:28","BME280","Motor","26.05","24.75",,"51.80","1007.48"
"510","2020-12-12 15:40:01","BME280","Motor","26.04","24.75",,"51.96","1007.49"
"511","2020-12-12 15:40:33","BME280","Motor","25.98","24.81",,"52.08","1007.43"
"512","2020-12-12 15:41:06","BME280","Motor","25.99","24.63",,"52.02","1007.44"
"513","2020-12-12 15:41:38","BME280","Motor","26.03","24.56",,"52.01","1007.40"
"514","2020-12-12 15:42:11","BME280","Motor","26.01","24.50",,"51.94","1007.42"
"515","2020-12-12 15:42:45","BME280","Motor","25.97","24.44",,"52.01","1007.44"
"516","2020-12-12 15:43:17","BME280","Motor","25.94","24.31",,"52.05","1007.40"
"517","2020-12-12 15:43:50","BME280","Motor","25.98","24.31",,"51.97","1007.44"
"518","2020-12-12 15:44:22","BME280","Motor","25.98","24.37",,"51.94","1007.46"
"519","2020-12-12 15:44:54","BME280","Motor","25.92","24.37",,"52.01","1007.47"
"520","2020-12-12 15:45:27","BME280","Motor","25.90","24.31",,"51.95","1007.43"
